Workbook

Sheet Start here
A1: Rocky shore fieldwork: the workbook
A2: IB Biology · B4.1.4 · C4.1.15 · https://nlcsbiology.com/rocky-shore-fieldwork-pract/
A4: 1. In Google Drive: New ▸ File upload, choose this file, then right-click it ▸ Open with ▸ Google Sheets.
A5: 2. Type your data in the YELLOW cells only: the Transect tab and the Random quadrats tab.
A6: 3. Every other number is a formula. Click a cell to read its formula in the formula bar; the grey text beside it shows the same formula.
A7: 4. The Example data tab holds the virtual shore's data, so you can check that your formulas give the same answers.
A9: Make the scatter graph yourself (Google Sheets):
A10: Select the temperature column and one species column (hold Ctrl or ⌘ to select two columns that are not next to each other).
A11: Insert ▸ Chart. Chart editor ▸ Setup ▸ Chart type ▸ Scatter chart.
A12: Customise ▸ Series: tick Trendline; Label ▸ Use equation; tick Show R².
A13: Give the graph a title, for example: Figure 1. The effect of rock temperature on barnacle cover.
A15: Code: AGPL-3.0 · Teaching material: CC BY-NC-SA 4.0 · Dr Daniel Mompel Riera, NLCS Jeju

Sheet Transect
A1: Distance / m | B1: Rock temperature / °C | C1: Barnacles / % | D1: Sea lettuce / % | E1: Brown seaweed / % | F1: Limpets / number | H1: Correlation with rock temperature
A2: 0
A3: 1 | H3: Barnacles
A4: 2 | H4: Pearson's r | I4: =IFERROR(CORREL($B$2:$B$12,C2:C12),"") | J4: =CORREL(B2:B12, C2:C12)
A5: 3 | H5: R² (straight line) | I5: =IFERROR(RSQ(C2:C12,$B$2:$B$12),"") | J5: =RSQ(C2:C12, B2:B12)
A6: 4 | H6: Number of quadrats | I6: =COUNT(C2:C12) | J6: =COUNT(C2:C12)
A7: 5 | H7: Critical r (p = 0.05) | I7: =IFERROR(VLOOKUP(I6,'Critical values'!$A$4:$B$29,2,FALSE),"") | J7: looks up the number of quadrats in Critical values
A8: 6 | H8: Significant? | I8: =IF(I4="","",IF(ABS(I4)>I7,"yes: significant (p < 0.05)","no: not significant")) | J8: =IF(ABS(r) > critical r, …)
A9: 7 | H9: Sea lettuce
A10: 8 | H10: Pearson's r | I10: =IFERROR(CORREL($B$2:$B$12,D2:D12),"") | J10: =CORREL(B2:B12, D2:D12)
A11: 9 | H11: R² (straight line) | I11: =IFERROR(RSQ(D2:D12,$B$2:$B$12),"") | J11: =RSQ(D2:D12, B2:B12)
A12: 10 | H12: Number of quadrats | I12: =COUNT(D2:D12) | J12: =COUNT(D2:D12)
H13: Critical r (p = 0.05) | I13: =IFERROR(VLOOKUP(I12,'Critical values'!$A$4:$B$29,2,FALSE),"") | J13: looks up the number of quadrats in Critical values
H14: Significant? | I14: =IF(I10="","",IF(ABS(I10)>I13,"yes: significant (p < 0.05)","no: not significant")) | J14: =IF(ABS(r) > critical r, …)
H15: Brown seaweed
H16: Pearson's r | I16: =IFERROR(CORREL($B$2:$B$12,E2:E12),"") | J16: =CORREL(B2:B12, E2:E12)
H17: R² (straight line) | I17: =IFERROR(RSQ(E2:E12,$B$2:$B$12),"") | J17: =RSQ(E2:E12, B2:B12)
H18: Number of quadrats | I18: =COUNT(E2:E12) | J18: =COUNT(E2:E12)
H19: Critical r (p = 0.05) | I19: =IFERROR(VLOOKUP(I18,'Critical values'!$A$4:$B$29,2,FALSE),"") | J19: looks up the number of quadrats in Critical values
H20: Significant? | I20: =IF(I16="","",IF(ABS(I16)>I19,"yes: significant (p < 0.05)","no: not significant")) | J20: =IF(ABS(r) > critical r, …)
H21: Limpets
H22: Pearson's r | I22: =IFERROR(CORREL($B$2:$B$12,F2:F12),"") | J22: =CORREL(B2:B12, F2:F12)
H23: R² (straight line) | I23: =IFERROR(RSQ(F2:F12,$B$2:$B$12),"") | J23: =RSQ(F2:F12, B2:B12)
H24: Number of quadrats | I24: =COUNT(F2:F12) | J24: =COUNT(F2:F12)
H25: Critical r (p = 0.05) | I25: =IFERROR(VLOOKUP(I24,'Critical values'!$A$4:$B$29,2,FALSE),"") | J25: looks up the number of quadrats in Critical values
H26: Significant? | I26: =IF(I22="","",IF(ABS(I22)>I25,"yes: significant (p < 0.05)","no: not significant")) | J26: =IF(ABS(r) > critical r, …)
H28: Look at the scatter graph before you trust r: r measures only a straight-line pattern.

Sheet Random quadrats
A1: Quadrat | B1: Across (0–9) | C1: Down (0–9) | D1: Limpets | E1: Sea lettuce | G1: Random positions
A2: 1 | G2: =RANDBETWEEN(0,9) | H2: =RANDBETWEEN(0,9)
A3: 2 | G3: The cell above gives a new random number from 0 to 9 every time the sheet changes.
A4: 3 | G4: Write each pair of numbers down as soon as you get it: they change.
A5: 4
A6: 5
A7: 6
A8: 7
A9: 8
A10: 9
A11: 10
A12: 11
A13: 12
A14: 13
A15: 14
A16: 15
... A31: 30

Sheet Chi-squared
A1: Chi-squared test for association between limpets and sea lettuce
A2: H0: there is no association between the distribution of limpets and the distribution of sea lettuce.
A3: Observed (O): counted from the Random quadrats tab
B4: Sea lettuce present | C4: Sea lettuce absent | D4: Total
A5: Limpets present | B5: =COUNTIFS('Random quadrats'!$D$2:$D$31,"present",'Random quadrats'!$E$2:$E$31,"present") | C5: =COUNTIFS('Random quadrats'!$D$2:$D$31,"present",'Random quadrats'!$E$2:$E$31,"absent") | D5: =SUM(B5:C5)
A6: Limpets absent | B6: =COUNTIFS('Random quadrats'!$D$2:$D$31,"absent",'Random quadrats'!$E$2:$E$31,"present") | C6: =COUNTIFS('Random quadrats'!$D$2:$D$31,"absent",'Random quadrats'!$E$2:$E$31,"absent") | D6: =SUM(B6:C6)
A7: Total | B7: =SUM(B5:B6) | C7: =SUM(C5:C6) | D7: =SUM(D5:D6)
A9: Expected (E) = row total × column total ÷ grand total
B10: Sea lettuce present | C10: Sea lettuce absent
A11: Limpets present | B11: =IFERROR($D5*B$7/$D$7,"") | C11: =IFERROR($D5*C$7/$D$7,"")
A12: Limpets absent | B12: =IFERROR($D6*B$7/$D$7,"") | C12: =IFERROR($D6*C$7/$D$7,"")
A14: (O − E)² ÷ E
B15: Sea lettuce present | C15: Sea lettuce absent
A16: Limpets present | B16: =IFERROR((B5-B11)^2/B11,"") | C16: =IFERROR((C5-C11)^2/C11,"")
A17: Limpets absent | B17: =IFERROR((B6-B12)^2/B12,"") | C17: =IFERROR((C6-C12)^2/C12,"")
A19: χ² (the sum of the four cells) | B19: =IFERROR(SUM(B16:C17),"") | D19: =SUM(B16:C17)
A20: Degrees of freedom | B20: =(2-1)*(2-1) | D20: (rows − 1) × (columns − 1)
A21: Critical value at p = 0.05 | B21: =_xlfn.CHISQ.INV.RT(0.05,B20) | D21: =CHISQ.INV.RT(0.05, 1)
A22: p-value | B22: =IFERROR(_xlfn.CHISQ.TEST(B5:C6,B11:C12),"") | D22: =CHISQ.TEST(B5:C6, B11:C12)
A23: Smallest expected value (must be at least 5) | B23: =IFERROR(MIN(B11:C12),"") | D23: =MIN(B11:C12)
A24: Conclusion | B24: =IF(B19="","",IF(B19>B21,"χ² > critical value: reject H0. There is a significant association (p < 0.05).","χ² < critical value: do not reject H0. No significant association."))
A26: Then compare O with E: if the species are found together less often than expected, the association is negative.
A27: An association does not show the cause. It may come from grazing, from different niches or from competition.

Sheet Example data
A1: The virtual shore on the page (simulated data). Copy these into the yellow cells to check your formulas.
A3: Distance / m | B3: Rock temperature / °C | C3: Barnacles / % | D3: Sea lettuce / % | E3: Brown seaweed / % | F3: Limpets / number | H3: Quadrat | I3: Across | J3: Down | K3: Limpets | L3: Sea lettuce
A4: 0 | B4: 33.6 | C4: 56 | D4: 0 | E4: 2 | F4: 1 | H4: 1 | I4: 7 | J4: 9 | K4: absent | L4: present
A5: 1 | B5: 32.9 | C5: 50 | D5: 0 | E5: 6 | F5: 3 | H5: 2 | I5: 9 | J5: 9 | K5: present | L5: absent
A6: 2 | B6: 31.4 | C6: 45 | D6: 89 | E6: 0 | F6: 2 | H6: 3 | I6: 6 | J6: 2 | K6: absent | L6: present
A7: 3 | B7: 31 | C7: 30 | D7: 89 | E7: 0 | F7: 1 | H7: 4 | I7: 3 | J7: 5 | K7: absent | L7: present
A8: 4 | B8: 29.4 | C8: 34 | D8: 100 | E8: 0 | F8: 0 | H8: 5 | I8: 1 | J8: 2 | K8: absent | L8: present
A9: 5 | B9: 28.9 | C9: 20 | D9: 100 | E9: 0 | F9: 1 | H9: 6 | I9: 5 | J9: 0 | K9: absent | L9: present
A10: 6 | B10: 27.7 | C10: 24 | D10: 100 | E10: 0 | F10: 2 | H10: 7 | I10: 4 | J10: 1 | K10: absent | L10: absent
A11: 7 | B11: 26.9 | C11: 10 | D11: 29 | E11: 26 | F11: 4 | H11: 8 | I11: 3 | J11: 7 | K11: absent | L11: present
A12: 8 | B12: 25.6 | C12: 13 | D12: 0 | E12: 64 | F12: 3 | H12: 9 | I12: 9 | J12: 5 | K12: present | L12: absent
A13: 9 | B13: 25 | C13: 5 | D13: 0 | E13: 84 | F13: 2 | H13: 10 | I13: 4 | J13: 9 | K13: absent | L13: present
A14: 10 | B14: 24.2 | C14: 1 | D14: 0 | E14: 85 | F14: 1 | H14: 11 | I14: 0 | J14: 1 | K14: absent | L14: present
H15: 12 | I15: 4 | J15: 4 | K15: present | L15: absent
H16: 13 | I16: 9 | J16: 8 | K16: present | L16: absent
H17: 14 | I17: 1 | J17: 5 | K17: absent | L17: present
H18: 15 | I18: 8 | J18: 9 | K18: present | L18: absent
H19: 16 | I19: 2 | J19: 9 | K19: absent | L19: present
H20: 17 | I20: 9 | J20: 4 | K20: present | L20: absent
H21: 18 | I21: 3 | J21: 2 | K21: absent | L21: present
H22: 19 | I22: 1 | J22: 7 | K22: present | L22: present
H23: 20 | I23: 3 | J23: 9 | K23: present | L23: present
H24: 21 | I24: 1 | J24: 8 | K24: absent | L24: present
H25: 22 | I25: 5 | J25: 7 | K25: present | L25: absent
H26: 23 | I26: 9 | J26: 3 | K26: absent | L26: absent
... H33: 30 | I33: 9 | J33: 0 | K33: present | L33: absent

Sheet Critical values
A1: Critical values of Pearson's r, p = 0.05, two-tailed | D1: Critical values of χ²
A3: Number of pairs (n) | B3: Critical r | D3: Degrees of freedom | E3: p = 0.05 | F3: p = 0.01
A4: 5 | B4: 0.878 | D4: 1 | E4: 3.84 | F4: 6.63
A5: 6 | B5: 0.811 | D5: 2 | E5: 5.99 | F5: 9.21
A6: 7 | B6: 0.754 | D6: 3 | E6: 7.81 | F6: 11.34
A7: 8 | B7: 0.707 | D7: 4 | E7: 9.49 | F7: 13.28
A8: 9 | B8: 0.666
A9: 10 | B9: 0.632
A10: 11 | B10: 0.602
A11: 12 | B11: 0.576
A12: 13 | B12: 0.553
A13: 14 | B13: 0.532
A14: 15 | B14: 0.514
A15: 16 | B15: 0.497
A16: 17 | B16: 0.482
A17: 18 | B17: 0.468
A18: 19 | B18: 0.456
A19: 20 | B19: 0.444
... A29: 30 | B29: 0.361
